Workbook

Sheet Data Entry
B2: STUDENT DATA COLLECTION
B3: Total Students Entered: | C3: =COUNTA(B6:B300) -> 295 | D3: Total Fee Balance: | E3: =SUM(E6:E300) -> 0
B5: Adm No | C5: Student Name | D5: Grade | E5: Fee Balance | F5: Parent Name | G5: Parent Phone No
B6: {=IF(C6:C300<>"", ROW(C6:C300)+94, "")} -> 100 | C6: Cleons Klein | D6: Playgroup
B7: 101 | C7: Jayden Makworo | D7: Playgroup
B8: 102 | C8: Shirleen Nyatero | D8: Playgroup
B9: 103 | C9: Eddah Moraa | D9: Playgroup
B10: 104 | C10: Anita Osoro | D10: Playgroup
B11: 105 | C11: Victor Monari | D11: Playgroup
B12: 106 | C12: Merrane Kwamboka | D12: Playgroup
B13: 107 | C13: Giannah Moraa | D13: Playgroup
B14: 108 | C14: Raymond Alex Gichana | D14: Playgroup
B15: 109 | C15: Fabian Mochoni | D15: Playgroup
B16: 110 | C16: Emmanuel Braxley | D16: Playgroup
B17: 111 | C17: Jayden Obegi | D17: Playgroup
B18: 112 | C18: Leon Mose | D18: Playgroup
... B300: 394 | C300: Rachael Nyanchama | D300: Grade 9

Sheet Grade Summary
B2: GRADE SUMMARY
B4: Grade | C4: Total Students | D4: Total Fee Balance
B5: Playgroup | C5: =COUNTIF('Data Entry'!D:D, B5) -> 27 | D5: =SUMIF('Data Entry'!D:D, B5, 'Data Entry'!E:E) -> 0
B6: PP1 | C6: =COUNTIF('Data Entry'!D:D, B6) -> 40 | D6: =SUMIF('Data Entry'!D:D, B6, 'Data Entry'!E:E) -> 0
B7: PP2 | C7: =COUNTIF('Data Entry'!D:D, B7) -> 35 | D7: =SUMIF('Data Entry'!D:D, B7, 'Data Entry'!E:E) -> 0
B8: Grade 1 | C8: =COUNTIF('Data Entry'!D:D, B8) -> 32 | D8: =SUMIF('Data Entry'!D:D, B8, 'Data Entry'!E:E) -> 0
B9: Grade 2 | C9: =COUNTIF('Data Entry'!D:D, B9) -> 23 | D9: =SUMIF('Data Entry'!D:D, B9, 'Data Entry'!E:E) -> 0
B10: Grade 3 | C10: =COUNTIF('Data Entry'!D:D, B10) -> 29 | D10: =SUMIF('Data Entry'!D:D, B10, 'Data Entry'!E:E) -> 0
B11: Grade 4 | C11: =COUNTIF('Data Entry'!D:D, B11) -> 28 | D11: =SUMIF('Data Entry'!D:D, B11, 'Data Entry'!E:E) -> 0
B12: Grade 5 | C12: =COUNTIF('Data Entry'!D:D, B12) -> 27 | D12: =SUMIF('Data Entry'!D:D, B12, 'Data Entry'!E:E) -> 0
B13: Grade 6 | C13: =COUNTIF('Data Entry'!D:D, B13) -> 20 | D13: =SUMIF('Data Entry'!D:D, B13, 'Data Entry'!E:E) -> 0
B14: Grade 7 | C14: =COUNTIF('Data Entry'!D:D, B14) -> 9 | D14: =SUMIF('Data Entry'!D:D, B14, 'Data Entry'!E:E) -> 0
B15: Grade 8 | C15: =COUNTIF('Data Entry'!D:D, B15) -> 13 | D15: =SUMIF('Data Entry'!D:D, B15, 'Data Entry'!E:E) -> 0
B16: Grade 9 | C16: =COUNTIF('Data Entry'!D:D, B16) -> 12 | D16: =SUMIF('Data Entry'!D:D, B16, 'Data Entry'!E:E) -> 0

Sheet Staff Directory
B2: STAFF DATA COLLECTION
B3: Total Staff Entered: | C3: =COUNTA(B6:B105) -> 20
B5: No. | C5: Staff ID | D5: Full Name | E5: Gender | F5: Phone | G5: Position | H5: Subject/Department | I5: Employment Type | J5: Date Joined | K5: Status
B6: 1 | C6: 12460817 | D6: Daniel Odongo | F6: 0726904117 | G6: Administrator
B7: 2 | C7: 8130256 | D7: Robert Mogere | F7: 0725925268 | G7: Administrator
B8: 3 | C8: — | D8: Amos Siro Onsongo | F8: 0117587544 | G8: Teacher
B9: 4 | C9: 36882511 | D9: Gordon Odiwuor | F9: 0720207597 | G9: Teacher
B10: 5 | C10: 38871014 | D10: Lillian Otieno | F10: 0757542843 | G10: Teacher
B11: 6 | C11: 40036701 | D11: Patricia Kusamboka | F11: 0706185422 | G11: Teacher
B12: 7 | C12: 40068298 | D12: Sheilla Bosibori | F12: 0793016108 | G12: Teacher
B13: 8 | C13: 41145875 | D13: Alfine Otieno | F13: 0117766761 | G13: Teacher
B14: 9 | C14: 36602106 | D14: Agostine Ogega | F14: 0700419964 | G14: Teacher
B15: 10 | C15: — | D15: Morghan Amecha | F15: 0798838358 | G15: Teacher
B16: 11 | C16: — | D16: Winnie Bosibori | F16: 0111693700 | G16: Teacher
B17: 12 | C17: — | D17: Joshua Ngara | F17: 0740550392 | G17: Teacher
B18: 13 | C18: — | D18: Josephine Oiaro | F18: 0701135478 | G18: Teacher
B19: 14 | C19: — | D19: Doreen Bosibori | F19: — | G19: Teacher
B20: 15 | C20: — | D20: Cecillia Kemunto | F20: 0757655224 | G20: Teacher
B21: 16 | C21: — | D21: Leonidah Kigwaro | F21: — | G21: Support Staff
B22: 17 | C22: 3976544 | D22: Nicodemus Achuka | F22: 0769779634 | G22: Support Staff
B23: 18 | C23: — | D23: Grace Jefta | F23: 0752808415 | G23: Support Staff
B24: 19 | C24: — | D24: Jane Mora | F24: 0710944832 | G24: Support Staff
B25: 20 | C25: — | D25: Jefta Makori | F25: — | G25: Support Staff

Sheet Inventory Tracker
B2: SCHOOL INVENTORY COLLECTION
B3: Total Items: | C3: =COUNTA(B6:B205) -> 0 | D3: Total Value: | E3: =SUM(G6:G205) -> 0
B5: Item ID | C5: Item Name | D5: Category | E5: Quantity | F5: Unit Price | G5: Total Value | H5: Condition
G6: {=IF(ISNUMBER(E6:E205)*ISNUMBER(F6:F205), E6:E205*F6:F205, "")}
